{"cameraMode":{"drawMode":0,"name":"Shaded","section":"Shading Mode"},"sceneLighting":true,"audioPlay":false,"sceneViewState":{"showFog":true,"showMaterialUpdate":false,"showSkybox":true,"showFlares":true,"showImageEffects":true,"showParticleSystems":true},"in2DMode":false,"pivot":{"x":-0.283491313457489,"y":4.752211570739746,"z":-13.195356369018555},"rotation":{"x":0.00045413855696097016,"y":-0.9976053237915039,"z":-0.06894465535879135,"w":-0.006586255040019751},"size":11.452984809875489,"orthographic":false}